{
    "coef_": [
        [
            -0.9902693818345261
        ],
        [
            0.6639169936528271
        ],
        [
            0.10143817272255003
        ],
        [
            0.7419365052364784
        ],
        [
            -1.889115293227334
        ],
        [
            3.1809461215585153
        ],
        [
            -0.3094287325851548
        ],
        [
            -3.0912107572634397
        ],
        [
            1.911779857833296
        ],
        [
            -1.3852142880101592
        ],
        [
            -1.9394683954517407
        ],
        [
            1.1250598239682688
        ],
        [
            -3.5288076786073237
        ]
    ],
    "intercept_": [
        22.48049555224753
    ]
}