{
    "mean": [
        3.7114981778656126,
        11.32411067193676,
        11.137229249011858,
        0.07035573122529644,
        0.5546950592885376,
        6.284634387351779,
        68.68893280632412,
        3.795042687747036,
        9.549407114624506,
        408.2371541501976,
        18.455533596837945,
        356.6740316205534,
        12.678826086956521
    ],
    "std": [
        8.717708695961754,
        23.204710423558247,
        6.840979134280242,
        0.25131470535068945,
        0.11587767566755595,
        0.7026171434153233,
        27.729406559927913,
        2.105710126627611,
        8.707259384239366,
        168.53711605495903,
        2.1649455237144406,
        91.29486438415783,
        7.101198670911395
    ]
}