{
    "coef_": [
        [
            2.941034089406703
        ]
    ],
    "intercept_": [
        5.215559265402336
    ]
}